年份,城市,新建商品住宅价格（元/m^2）,人口（万人）,类型,平均工资（元）,M2(亿元)
2019,北京,57549.03897,2153.60,常住人口,173205.0,1918385.98
2019,天津,24756.88849,1561.83,常住人口,111602.0,1918385.98
2019,石家庄,13648.69946,1103.12,常住人口,78937.0,1918385.98
2019,太原,11572.626240000001,446.19,常住人口,82860.0,1918385.98
2019,呼和浩特,9772.957638,313.70,年末常住人口,84105.0,1918385.98
2019,沈阳,10624.20644,755.40,年末总人口,87696.0,1918385.98
2019,大连,16140.75984,598.70,年末总人口,95442.0,1918385.98
2019,长春,8773.008009000001,753.80,年末户籍人口,88082.0,1918385.98
2019,哈尔滨,9018.848016,951.34,年末总人口,82385.0,1918385.98
2019,上海,60358.1054,2428.14,常住人口,151772.0,1918385.98
2019,南京,30303.787539999998,850.00,常住人口,129605.0,1918385.98
2019,杭州,37660.64387,795.37,年末总人口,120308.0,1918385.98
2019,宁波,22288.82674,608.47,年末总人口,110878.0,1918385.98
2019,合肥,19573.71262,818.90,常住人口,95156.0,1918385.98
2019,福州,24391.80522,780.00,常住人口,88952.0,1918385.98
2019,厦门,44976.7118,429.00,常住人口,97779.0,1918385.98
2019,南昌,12449.90621,5600556.00,年末总人口,88470.0,1918385.98
2019,济南,15914.395390000001,890.87,常住人口,102242.0,1918385.98
2019,济南,15914.395390000001,890.87,常住人口,100593.0,1918385.98
2019,青岛,19018.32916,949.98,常住人口,103125.0,1918385.98
2019,郑州,14368.46564,1035.16,常住人口,88030.0,1918385.98
2019,武汉,17167.99318,1121.20,年末常住人口,98043.0,1918385.98
2019,长沙,9815.132758,839.45,年末常住人口,98459.0,1918385.98
2019,广州,41426.49279,1530.59,常住人口,123498.0,1918385.98
2019,深圳,64310.2571,1343.88,常住人口,127757.0,1918385.98
2019,南宁,11761.1907,734.48,常住人口,90986.0,1918385.98
2019,海口,17253.823790000002,232.79,常住人口,85121.0,1918385.98
2019,成都,14321.92751,1658.10,年末常住人口,97519.0,1918385.98
2019,贵阳,9136.136046,497.14,常住人口,92650.0,1918385.98
2019,昆明,12914.50072,695.00,常住人口,94063.0,1918385.98
2019,重庆,11375.72184,3124.32,常住人口,89714.0,1918385.98
2019,西安,13864.55561,1020.35,年末常住人口,96867.0,1918385.98
2019,兰州,11159.02853,379.09,年末常住人口,88393.0,1918385.98
2019,西宁,8508.1826,2093673.00,年末户籍人口,94219.0,1918385.98
2019,西宁,8508.1826,2093673.00,年末户籍人口,91494.0,1918385.98
2019,银川,6153.959661999999,2293085.00,年末总人口,94559.0,1918385.98
2019,乌鲁木齐,8304.872865000001,223.83,年末户籍人口,90729.0,1918385.98
2019,唐山,10106.98128,796.42,常住人口,77990.0,1918385.98
2019,秦皇岛,10219.39535,314.63,常住人口,80184.0,1918385.98
2019,包头,7264.531104000001,289.69,年末常住人口,81889.0,1918385.98
2019,丹东,6211.080284000001,232.90,年末总人口,57008.0,1918385.98
2019,吉林,6270.478722999999,411.61,年末户籍人口,69766.0,1918385.98
2019,牡丹江,5013.585566,250.40,年末总人口,65154.0,1918385.98
2019,无锡,16711.94528,659.15,常住人口,105759.0,1918385.98
2019,扬州,12591.596109999999,454.90,常住人口,81837.0,1918385.98
2019,徐州,9582.885471,882.56,常住人口,78568.0,1918385.98
2019,温州,20315.359819999998,832.36,年末总人口,90677.0,1918385.98
2019,蚌埠,7564.019876,3863000.00,户籍人口,75285.0,1918385.98
2019,泉州,17286.02662,874.00,常住人口,72321.0,1918385.98
2019,九江,7525.211006999999,4920275.00,年末总人口,77121.0,1918385.98
2019,赣州,7530.743967,8708023.00,年末总人口,70640.0,1918385.98
2019,烟台,7719.382631999999,713.80,常住人口,82280.0,1918385.98
2019,济宁,6818.238135,835.60,常住人口,77459.0,1918385.98
2019,洛阳,8952.714499,692.22,常住人口,75283.0,1918385.98
2019,襄阳,6899.150599,568.00,年末常住人口,69683.0,1918385.98
2019,宜昌,7897.345399,413.79,年末常住人口,60135.0,1918385.98
2019,常德,6156.943905,577.15,年末常住人口,72037.0,1918385.98
2019,惠州,10270.00506,488.00,常住人口,83639.0,1918385.98
2019,湛江,10367.13812,736.00,常住人口,81168.0,1918385.98
2019,韶关,6093.087479,303.04,常住人口,87326.0,1918385.98
2019,桂林,6607.327898,511.23,常住人口,78252.0,1918385.98
2019,北海,6183.307909,170.07,常住人口,74639.0,1918385.98
2019,三亚,34512.13334,634369.00,户籍人口,87058.0,1918385.98
2019,遵义,5898.229569,630.20,常住人口,94643.0,1918385.98
2018,北京,55397.90708,2154.20,常住人口,149843.0,1770223.58
2018,天津,24302.31175,1559.60,常住人口,103931.0,1770223.58
2018,石家庄,11786.96383,1095.16,常住人口,75114.0,1770223.58
2018,太原,10499.87796,442.15,常住人口,80825.0,1770223.58
2018,呼和浩特,8105.681383,312.64,年末常住人口,71387.0,1770223.58
2018,沈阳,9551.914125,745.10,年末总人口,82067.0,1770223.58
2018,大连,14393.44173,595.20,年末总人口,87592.0,1770223.58
2018,长春,7899.424134999999,751.29,年末户籍人口,80425.0,1770223.58
2018,哈尔滨,7976.9365530000005,951.50,年末总人口,71771.0,1770223.58
2018,上海,59298.0083,2423.78,常住人口,142983.0,1770223.58
2018,南京,29226.056739999996,843.62,常住人口,111071.0,1770223.58
2018,杭州,35076.25751,774.10,年末总人口,106709.0,1770223.58
2018,宁波,20784.60995,602.96,年末总人口,102325.0,1770223.58
2018,合肥,18443.574259999998,808.74,常住人口,89022.0,1770223.58
2018,福州,22387.56181,774.00,常住人口,83175.0,1770223.58
2018,厦门,44345.375060000006,411.00,常住人口,85166.0,1770223.58
2018,南昌,11489.88332,5545544.00,年末总人口,82672.0,1770223.58
2018,济南,14184.315530000002,746.04,常住人口,93573.0,1770223.58
2018,济南,14184.315530000002,746.04,常住人口,91651.0,1770223.58
2018,青岛,17155.55896,939.48,常住人口,90840.0,1770223.58
2018,郑州,13385.28256,1014.00,常住人口,80963.0,1770223.58
2018,武汉,15114.16131,1108.10,年末常住人口,88327.0,1770223.58
2018,长沙,9085.660146,815.47,年末常住人口,93293.0,1770223.58
2018,广州,37572.59564,1490.44,常住人口,111839.0,1770223.58
2018,深圳,63560.96207,1302.66,常住人口,111709.0,1770223.58
2018,南宁,10588.12452,725.41,常住人口,83452.0,1770223.58
2018,海口,15240.7148,230.23,常住人口,77632.0,1770223.58
2018,成都,12641.95988,1633.00,年末常住人口,88011.0,1770223.58
2018,贵阳,7783.4378400000005,488.19,常住人口,82685.0,1770223.58
2018,昆明,11257.19814,685.00,常住人口,80253.0,1770223.58
2018,重庆,10217.71184,3101.79,常住人口,81764.0,1770223.58
2018,西安,11413.01362,1000.37,年末常住人口,87125.0,1770223.58
2018,兰州,10249.71624,375.36,年末常住人口,85575.0,1770223.58
2018,西宁,7498.815661,2073822.00,年末户籍人口,85631.0,1770223.58
2018,西宁,7498.815661,2073822.00,年末户籍人口,84071.0,1770223.58
2018,银川,5614.687093,2250560.00,年末总人口,87291.0,1770223.58
2018,乌鲁木齐,7798.340037000001,222.26,年末户籍人口,85990.0,1770223.58
2018,唐山,8974.792206999999,793.58,常住人口,74569.0,1770223.58
2018,秦皇岛,8681.912631000001,313.42,常住人口,75131.0,1770223.58
2018,包头,6661.645556,288.87,年末常住人口,75318.0,1770223.58
2018,丹东,5483.433505,234.10,年末总人口,44077.0,1770223.58
2018,吉林,5550.421146,413.52,年末户籍人口,66592.0,1770223.58
2018,牡丹江,4518.4010100000005,252.50,年末总人口,62277.0,1770223.58
2018,无锡,15504.825319999998,657.45,常住人口,90284.0,1770223.58
2018,扬州,11181.922709999999,453.10,常住人口,75996.0,1770223.58
2018,徐州,8253.197202,880.20,常住人口,71457.0,1770223.58
2018,温州,19769.82696,828.74,年末总人口,82837.0,1770223.58
2018,蚌埠,7042.889906999999,3839400.00,户籍人口,70034.0,1770223.58
2018,泉州,17018.00978,870.00,常住人口,65915.0,1770223.58
2018,九江,6853.126889,4896847.00,年末总人口,71921.0,1770223.58
2018,赣州,7106.012453,8677603.00,年末总人口,66875.0,1770223.58
2018,烟台,6859.550614,712.18,常住人口,74653.0,1770223.58
2018,济宁,6007.54452,834.59,常住人口,66160.0,1770223.58
2018,洛阳,7829.8029989999995,689.00,常住人口,65974.0,1770223.58
2018,襄阳,6069.960094,566.90,年末常住人口,67488.0,1770223.58
2018,宜昌,7226.708576000001,413.59,年末常住人口,54870.0,1770223.58
2018,常德,5582.002112,582.72,年末常住人口,66335.0,1770223.58
2018,惠州,9953.405897,483.00,常住人口,77634.0,1770223.58
2018,湛江,9652.395059,733.20,常住人口,70118.0,1770223.58
2018,韶关,5852.109121,299.76,常住人口,75531.0,1770223.58
2018,桂林,6022.7118789999995,508.55,常住人口,73226.0,1770223.58
2018,北海,5533.549634,168.00,常住人口,69625.0,1770223.58
2018,三亚,31749.61013,614647.00,户籍人口,79661.0,1770223.58
2018,遵义,5314.876704,627.07,常住人口,87640.5,1770223.58
2017,北京,55398.869179999994,2170.70,常住人口,134994.0,1626456.2
2017,天津,24034.8069,1556.87,常住人口,96965.0,1626456.2
2017,石家庄,11186.74504,1087.99,常住人口,67880.0,1626456.2
2017,太原,9688.155721,437.97,常住人口,72114.0,1626456.2
2017,呼和浩特,7273.922619,311.48,年末常住人口,63084.0,1626456.2
2017,沈阳,8577.504372,736.50,年末总人口,74181.0,1626456.2
2017,大连,12837.0711,594.90,年末总人口,81884.0,1626456.2
2017,长春,7173.569597,748.92,年末户籍人口,73469.0,1626456.2
2017,哈尔滨,7105.370283,955.00,年末总人口,67542.0,1626456.2
2017,上海,59437.908910000006,2418.33,常住人口,130765.0,1626456.2
2017,南京,29621.55695,833.50,常住人口,101502.0,1626456.2
2017,杭州,34763.0817,753.88,年末总人口,96670.0,1626456.2
2017,宁波,19624.63137,596.93,年末总人口,91705.0,1626456.2
2017,合肥,18282.01984,796.53,常住人口,77484.0,1626456.2
2017,福州,22142.21511,766.00,常住人口,75133.0,1626456.2
2017,厦门,43969.03102,401.00,常住人口,75452.0,1626456.2
2017,南昌,10811.12406,5463538.00,年末总人口,72686.0,1626456.2
2017,济南,13426.47349,732.12,常住人口,87773.0,1626456.2
2017,济南,13426.47349,732.12,常住人口,84645.0,1626456.2
2017,青岛,16047.69905,929.05,常住人口,83539.0,1626456.2
2017,郑州,12976.32617,988.00,常住人口,70486.0,1626456.2
2017,武汉,14632.32346,1089.29,年末常住人口,79684.0,1626456.2
2017,长沙,8463.515566,791.81,年末常住人口,85187.0,1626456.2
2017,广州,36543.63611,1449.84,常住人口,98612.0,1626456.2
2017,深圳,64532.37888,1252.83,常住人口,100173.0,1626456.2
2017,南宁,9844.681007,715.33,常住人口,75481.0,1626456.2
2017,海口,13675.080230000001,227.21,常住人口,68037.0,1626456.2
2017,成都,12092.08518,1604.47,年末常住人口,79292.0,1626456.2
2017,贵阳,6920.00385,480.20,常住人口,73939.0,1626456.2
2017,昆明,9909.346495,678.30,常住人口,76350.0,1626456.2
2017,重庆,9366.590470000001,3075.16,常住人口,73272.0,1626456.2
2017,西安,10014.633,961.67,年末常住人口,77774.0,1626456.2
2017,兰州,9574.022785,372.96,年末常住人口,75709.0,1626456.2
2017,西宁,6968.678983,2055817.00,年末户籍人口,69783.0,1626456.2
2017,西宁,6968.678983,2055817.00,年末户籍人口,73540.0,1626456.2
2017,银川,5248.135832,2225391.00,年末总人口,77206.0,1626456.2
2017,乌鲁木齐,7083.308136,222.62,年末户籍人口,78072.0,1626456.2
2017,唐山,8305.607802,789.70,常住人口,66843.0,1626456.2
2017,秦皇岛,7940.737172,311.08,常住人口,70753.0,1626456.2
2017,包头,6109.6616189999995,287.77,年末常住人口,69706.0,1626456.2
2017,丹东,4952.830588000001,235.20,年末总人口,42230.0,1626456.2
2017,吉林,5124.108876,415.35,年末户籍人口,59923.0,1626456.2
2017,牡丹江,4168.230652,247.80,年末总人口,110393.0,1626456.2
2017,无锡,15427.220290000001,655.30,常住人口,89551.0,1626456.2
2017,扬州,10292.33537,450.82,常住人口,71663.0,1626456.2
2017,徐州,7425.545698000001,876.35,常住人口,63917.0,1626456.2
2017,温州,18958.6944,824.55,年末总人口,75881.0,1626456.2
2017,蚌埠,6728.213092,3812500.00,户籍人口,61537.0,1626456.2
2017,泉州,16927.76972,865.00,常住人口,61253.0,1626456.2
2017,九江,6435.759682,4873276.00,年末总人口,61938.0,1626456.2
2017,赣州,6890.964126999999,8635583.00,年末总人口,60337.0,1626456.2
2017,烟台,6240.023744,708.94,常住人口,68979.0,1626456.2
2017,济宁,5518.005129,837.59,常住人口,61909.0,1626456.2
2017,洛阳,7286.138581,682.00,常住人口,57863.0,1626456.2
2017,襄阳,5645.176041,565.40,年末常住人口,58706.0,1626456.2
2017,宜昌,6635.038086,413.56,年末常住人口,50498.0,1626456.2
2017,常德,5194.966740999999,584.48,年末常住人口,59399.0,1626456.2
2017,惠州,9625.009929,477.70,常住人口,70890.0,1626456.2
2017,湛江,9015.260764,730.50,常住人口,62094.0,1626456.2
2017,韶关,5541.824701,297.92,常住人口,65739.0,1626456.2
2017,桂林,5592.286051,505.75,常住人口,65694.0,1626456.2
2017,北海,5018.023874,166.33,常住人口,60622.0,1626456.2
2017,三亚,28823.0729,592206.00,户籍人口,72826.0,1626456.2
2017,遵义,4826.252154,624.83,常住人口,80638.0,1626456.2
2016,北京,49387.97128,2172.90,常住人口,122749.0,1483618.25
2016,天津,21338.74515,1562.12,常住人口,87806.0,1483618.25
2016,石家庄,9894.815184000001,1078.46,常住人口,61189.0,1483618.25
2016,太原,9189.706289,434.44,常住人口,64820.0,1483618.25
2016,呼和浩特,7097.227936,308.87,年末常住人口,56213.0,1483618.25
2016,沈阳,7966.995698000001,733.90,年末总人口,67444.0,1483618.25
2016,大连,12218.21974,595.60,年末总人口,73764.0,1483618.25
2016,长春,6739.717439,753.43,年末户籍人口,68434.0,1483618.25
2016,哈尔滨,6711.5627859999995,962.10,年末总人口,62583.0,1483618.25
2016,上海,53208.40435,2419.70,常住人口,120503.0,1483618.25
2016,南京,25620.733969999997,827.00,常住人口,90191.0,1483618.25
2016,杭州,30571.32232,736.00,年末总人口,87153.0,1483618.25
2016,宁波,18034.3736,590.96,年末总人口,83656.0,1483618.25
2016,合肥,15486.72644,786.90,常住人口,71054.0,1483618.25
2016,福州,19631.83551,757.00,常住人口,67630.0,1483618.25
2016,厦门,37429.65612,392.00,常住人口,69218.0,1483618.25
2016,南昌,9782.365891,5371425.00,年末总人口,65812.0,1483618.25
2016,济南,11908.33722,723.31,常住人口,79802.0,1483618.25
2016,济南,11908.33722,723.31,常住人口,77012.0,1483618.25
2016,青岛,14609.8522,920.40,常住人口,76616.0,1483618.25
2016,郑州,11173.15775,972.39,常住人口,61149.0,1483618.25
2016,武汉,12860.39753,1076.62,年末常住人口,71963.0,1483618.25
2016,长沙,7310.701609999999,764.52,年末常住人口,77782.0,1483618.25
2016,广州,31314.655889999998,1404.35,常住人口,89096.0,1483618.25
2016,深圳,61442.41884,1190.84,常住人口,89757.0,1483618.25
2016,南宁,8838.463426999999,706.22,常住人口,68560.0,1483618.25
2016,海口,12757.863309999999,224.60,常住人口,62030.0,1483618.25
2016,成都,11881.431209999999,1591.76,年末常住人口,74408.0,1483618.25
2016,贵阳,6428.529557,469.68,常住人口,70535.0,1483618.25
2016,昆明,9317.20638,672.80,常住人口,68375.0,1483618.25
2016,重庆,8477.447134,3048.43,常住人口,67386.0,1483618.25
2016,西安,8939.531996,883.21,年末常住人口,69611.0,1483618.25
2016,兰州,9217.930277,370.55,年末常住人口,67011.0,1483618.25
2016,西宁,6750.44713,2032837.00,年末户籍人口,63280.0,1483618.25
2016,西宁,6750.44713,2032837.00,年末户籍人口,61069.0,1483618.25
2016,银川,5128.923318,2191098.00,年末总人口,70840.0,1483618.25
2016,乌鲁木齐,6990.295427,267.87,年末户籍人口,73254.0,1483618.25
2016,唐山,7832.8767290000005,784.36,常住人口,59623.0,1483618.25
2016,秦皇岛,7321.725170999999,309.46,常住人口,61988.0,1483618.25
2016,包头,5988.982623,285.75,年末常住人口,63987.0,1483618.25
2016,丹东,4902.048617,237.90,年末总人口,38763.0,1483618.25
2016,吉林,4899.8565579999995,422.46,年末户籍人口,53392.0,1483618.25
2016,牡丹江,4080.967362,252.10,年末总人口,55054.0,1483618.25
2016,无锡,12932.25979,652.90,常住人口,84931.0,1483618.25
2016,扬州,9154.46747,449.14,常住人口,67611.0,1483618.25
2016,徐州,6667.76127,871.00,常住人口,57228.0,1483618.25
2016,温州,17852.8004,818.22,年末总人口,70069.0,1483618.25
2016,蚌埠,5976.630483,3795200.00,户籍人口,56015.0,1483618.25
2016,泉州,15696.896130000001,858.00,常住人口,57141.0,1483618.25
2016,九江,5712.563469,4847612.00,年末总人口,56331.0,1483618.25
2016,赣州,6207.714355,8588673.00,年末总人口,55253.0,1483618.25
2016,烟台,5826.083351,706.40,常住人口,64219.0,1483618.25
2016,济宁,5216.383475,835.44,常住人口,57362.0,1483618.25
2016,洛阳,6704.251412,680.10,常住人口,51295.0,1483618.25
2016,襄阳,5354.887682,563.90,年末常住人口,50677.0,1483618.25
2016,宜昌,6087.15132,413.00,年末常住人口,47193.0,1483618.25
2016,常德,4869.940632,584.44,年末常住人口,55317.0,1483618.25
2016,惠州,8306.547398,477.50,常住人口,64766.0,1483618.25
2016,湛江,8161.968281999999,727.30,常住人口,55565.0,1483618.25
2016,韶关,4999.024251,295.61,常住人口,61465.0,1483618.25
2016,桂林,5244.598225,500.94,常住人口,59129.0,1483618.25
2016,北海,4562.554975999999,164.37,常住人口,55502.0,1483618.25
2016,三亚,26856.452289999997,582303.00,户籍人口,65030.0,1483618.25
2016,遵义,4645.584638,622.84,常住人口,75480.0,1483618.25
2015,北京,40591.79044,2170.50,常住人口,113073.0,1324511.12
2015,天津,18629.26333,1546.95,常住人口,81486.0,1324511.12
2015,石家庄,9143.343584999999,1070.16,常住人口,54441.0,1324511.12
2015,太原,9006.489155,431.87,常住人口,60516.0,1324511.12
2015,呼和浩特,7123.873532,305.96,年末常住人口,53698.0,1324511.12
2015,沈阳,7894.52363,730.40,年末总人口,61827.0,1324511.12
2015,大连,12212.85298,593.60,年末总人口,69390.0,1324511.12
2015,长春,6696.633549,753.84,年末户籍人口,62519.0,1324511.12
2015,哈尔滨,6640.616021,961.40,年末总人口,58405.0,1324511.12
2015,上海,40303.79517,2415.27,常住人口,109279.0,1324511.12
2015,南京,19948.134619999997,823.59,常住人口,81075.0,1324511.12
2015,杭州,25878.91315,723.55,年末总人口,77816.0,1324511.12
2015,宁波,16613.53839,586.57,年末总人口,74989.0,1324511.12
2015,合肥,12328.89479,778.95,常住人口,65806.0,1324511.12
2015,福州,17088.08563,750.00,常住人口,62478.0,1324511.12
2015,厦门,28970.146889999996,386.00,常住人口,66930.0,1324511.12
2015,南昌,8984.582898,5302914.00,年末总人口,57730.0,1324511.12
2015,济南,11031.81234,713.20,常住人口,73984.0,1324511.12
2015,济南,11031.81234,713.20,常住人口,68997.0,1324511.12
2015,青岛,13931.81695,909.70,常住人口,69465.0,1324511.12
2015,郑州,9920.99736,956.90,常住人口,52987.0,1324511.12
2015,武汉,11239.28278,1060.77,年末常住人口,65720.0,1324511.12
2015,长沙,6878.265190000001,743.18,年末常住人口,67266.0,1324511.12
2015,广州,26549.33337,1350.11,常住人口,81171.0,1324511.12
2015,深圳,42318.10513,1137.87,常住人口,81034.0,1324511.12
2015,南宁,8297.36213,698.61,常住人口,66749.0,1324511.12
2015,海口,12481.37826,222.30,常住人口,57455.0,1324511.12
2015,成都,11461.64655,1465.75,年末常住人口,69123.0,1324511.12
2015,贵阳,6306.78281,462.18,常住人口,63949.0,1324511.12
2015,昆明,9293.539576000001,667.70,常住人口,62033.0,1324511.12
2015,重庆,8224.726604000001,3016.55,常住人口,62091.0,1324511.12
2015,西安,8723.219089,870.56,年末常住人口,63193.0,1324511.12
2015,兰州,9070.978481999999,369.31,年末常住人口,62201.0,1324511.12
2015,西宁,6789.486056999999,2013583.00,年末户籍人口,56777.0,1324511.12
2015,西宁,6789.486056999999,2013583.00,年末户籍人口,58099.0,1324511.12
2015,银川,5167.291349,2164119.00,年末总人口,65643.0,1324511.12
2015,乌鲁木齐,7121.420947,266.83,年末户籍人口,67617.0,1324511.12
2015,唐山,7884.917839,780.12,常住人口,55565.0,1324511.12
2015,秦皇岛,7296.120645,307.32,常住人口,57451.0,1324511.12
2015,包头,6099.505169,282.93,年末常住人口,59500.0,1324511.12
2015,丹东,5045.142659,238.10,年末总人口,35790.0,1324511.12
2015,吉林,4913.571664,426.24,年末户籍人口,49234.0,1324511.12
2015,牡丹江,4166.791779,255.00,年末总人口,47412.0,1324511.12
2015,无锡,11485.148940000001,651.10,常住人口,76019.0,1324511.12
2015,扬州,8886.73248,448.36,常住人口,63891.0,1324511.12
2015,徐州,6454.8047719999995,866.90,常住人口,54310.0,1324511.12
2015,温州,17222.10988,811.21,年末总人口,64412.0,1324511.12
2015,蚌埠,5917.055047,3763500.00,户籍人口,51146.0,1324511.12
2015,泉州,15325.565819999998,851.00,常住人口,54044.0,1324511.12
2015,九江,5531.869375,4825811.00,年末总人口,51065.0,1324511.12
2015,赣州,5966.277988,8547062.00,年末总人口,50313.0,1324511.12
2015,烟台,5721.913665,701.41,常住人口,59906.0,1324511.12
2015,济宁,5283.830097,829.92,常住人口,54077.0,1324511.12
2015,洛阳,6692.506444,674.30,常住人口,46515.0,1324511.12
2015,襄阳,5421.126877000001,561.40,年末常住人口,48022.0,1324511.12
2015,宜昌,6023.974711,411.50,年末常住人口,43282.0,1324511.12
2015,常德,4895.512594,584.39,年末常住人口,48655.0,1324511.12
2015,惠州,7526.901864,475.55,常住人口,58607.0,1324511.12
2015,湛江,8122.623139,724.14,常住人口,50177.0,1324511.12
2015,韶关,4937.369455,293.15,常住人口,54923.0,1324511.12
2015,桂林,5262.707628,496.16,常住人口,53925.0,1324511.12
2015,北海,4513.5668,162.57,常住人口,49773.0,1324511.12
2015,三亚,26624.99913,577820.00,户籍人口,61502.0,1324511.12
2015,遵义,4666.482689,619.21,常住人口,66991.0,1324511.12
2014,北京,40523.6376,2151.60,常住人口,103400.0,1183890.0
2014,天津,19131.17678,1516.81,常住人口,73839.0,1183890.0
2014,石家庄,9368.897740999999,1061.62,常住人口,48272.09,1183890.0
2014,太原,9333.065256,429.89,常住人口,57770.59,1183890.0
2014,呼和浩特,7636.068373,303.06,年末常住人口,50468.91,1183890.0
2014,沈阳,8494.201258,730.80,年末总人口,56589.59,1183890.0
2014,大连,13066.56825,594.30,年末总人口,63609.43,1183890.0
2014,长春,7018.591597,754.55,年末户籍人口,56976.99,1183890.0
2014,哈尔滨,6952.582181999999,987.30,年末总人口,51554.1,1183890.0
2014,上海,39729.63998,2425.68,常住人口,100623.0,1183890.0
2014,南京,20098.759869999998,821.61,常住人口,77286.26,1183890.0
2014,杭州,27343.69683,715.76,年末总人口,70823.44,1183890.0
2014,宁波,17117.73675,583.78,年末总人口,70227.63,1183890.0
2014,合肥,12626.46716,769.58,常住人口,59648.42,1183890.0
2014,福州,18028.10036,743.00,常住人口,58838.06,1183890.0
2014,厦门,28703.742260000003,381.00,常住人口,63062.49,1183890.0
2014,南昌,9415.921438,5240179.00,年末总人口,51848.13,1183890.0
2014,济南,11454.419240000001,706.79,常住人口,66725.91,1183890.0
2014,济南,11454.419240000001,706.79,常住人口,62322.6,1183890.0
2014,青岛,15061.88861,904.62,常住人口,62096.82,1183890.0
2014,郑州,9959.645786,937.80,常住人口,49756.03,1183890.0
2014,武汉,11512.406490000001,1033.80,年末常住人口,60624.48,1183890.0
2014,长沙,7344.242798,731.15,年末常住人口,61846.65,1183890.0
2014,广州,26900.873180000002,1308.05,常住人口,74246.13,1183890.0
2014,深圳,36420.91186,1077.89,常住人口,73492.38,1183890.0
2014,南宁,8635.325265000001,691.38,常住人口,54330.28,1183890.0
2014,海口,13119.67209,220.07,常住人口,50652.54,1183890.0
2014,成都,12027.72338,1442.75,年末常住人口,63201.37,1183890.0
2014,贵阳,6530.344518,455.60,常住人口,59330.47,1183890.0
2014,昆明,9839.597155,662.60,常住人口,58153.4,1183890.0
2014,重庆,8689.97652,2991.40,常住人口,56852.0,1183890.0
2014,西安,9149.127235,862.75,年末常住人口,54097.65,1183890.0
2014,兰州,9429.103958,366.49,年末常住人口,54008.39,1183890.0
2014,西宁,7148.239052,2026369.00,年末户籍人口,55997.16,1183890.0
2014,西宁,7148.239052,2026369.00,年末户籍人口,54914.08,1183890.0
2014,银川,5458.647768,2128937.00,年末总人口,59079.69,1183890.0
2014,乌鲁木齐,7480.452265999999,266.91,年末户籍人口,61617.39,1183890.0
2014,唐山,8249.088765999999,776.82,常住人口,51214.1,1183890.0
2014,秦皇岛,7791.332706,306.45,常住人口,52497.76,1183890.0
2014,包头,6576.611603,279.92,年末常住人口,56250.91,1183890.0
2014,丹东,5490.194934,239.50,年末总人口,32566.8,1183890.0
2014,吉林,5157.224027,427.65,年末户籍人口,45365.45,1183890.0
2014,牡丹江,4314.612668,256.60,年末总人口,42278.83,1183890.0
2014,无锡,12021.5362,650.01,常住人口,68025.97,1183890.0
2014,扬州,9393.483678,447.79,常住人口,57141.24,1183890.0
2014,徐州,6718.071548999999,862.83,常住人口,49778.92,1183890.0
2014,温州,17677.07846,813.69,年末总人口,59900.68,1183890.0
2014,蚌埠,6374.234351,3710965.00,户籍人口,45369.46,1183890.0
2014,泉州,16547.25028,844.00,常住人口,48963.02,1183890.0
2014,九江,5842.803799,4806885.00,年末总人口,44404.28,1183890.0
2014,赣州,6251.552668,8507458.00,年末总人口,45112.52,1183890.0
2014,烟台,6075.771895,700.23,常住人口,52809.71,1183890.0
2014,济宁,5529.6810270000005,824.00,常住人口,50435.52,1183890.0
2014,洛阳,7059.056198,667.80,常住人口,44484.2,1183890.0
2014,襄阳,5770.354437,560.02,年末常住人口,43470.05,1183890.0
2014,宜昌,6341.6651600000005,410.45,年末常住人口,39475.82,1183890.0
2014,常德,5156.535997999999,583.08,年末常住人口,42842.34,1183890.0
2014,惠州,8066.042701,472.66,常住人口,53573.81,1183890.0
2014,湛江,8795.974945999998,721.24,常住人口,45453.12,1183890.0
2014,韶关,5349.547387,290.89,常住人口,49063.34,1183890.0
2014,桂林,5709.481468,491.91,常住人口,46673.51,1183890.0
2014,北海,4754.353549,160.37,常住人口,44598.23,1183890.0
2014,三亚,27856.949269999997,585564.00,户籍人口,54639.75,1183890.0
2014,遵义,4913.8684729999995,615.49,常住人口,57154.97,1183890.0
2013,北京,37517.864330000004,2114.80,常住人口,93997.0,1050214.13
2013,天津,18511.930659999998,1472.21,常住人口,68864.0,1050214.13
2013,石家庄,8965.86635,1049.98,常住人口,43712.0,1050214.13
2013,太原,8839.999188,427.77,常住人口,51161.0,1050214.13
2013,呼和浩特,7286.911915000001,300.11,年末常住人口,48797.0,1050214.13
2013,沈阳,8191.603273999999,727.10,年末总人口,52389.0,1050214.13
2013,大连,12575.96891,591.40,年末总人口,58946.0,1050214.13
2013,长春,6729.033162000001,752.67,年末户籍人口,52220.0,1050214.13
2013,哈尔滨,6678.348822,995.20,年末总人口,47150.0,1050214.13
2013,上海,36618.14061,2415.15,常住人口,91477.0,1050214.13
2013,南京,18847.17599,818.78,常住人口,66222.0,1050214.13
2013,杭州,27112.230239999997,706.61,年末总人口,64958.0,1050214.13
2013,宁波,16798.00595,580.15,年末总人口,63362.0,1050214.13
2013,合肥,11937.6625,761.14,常住人口,54177.0,1050214.13
2013,福州,17123.16532,734.00,常住人口,53420.0,1050214.13
2013,厦门,26142.892069999998,373.00,常住人口,61754.0,1050214.13
2013,南昌,9103.521326,5184231.00,年末总人口,46892.0,1050214.13
2013,济南,11038.00855,699.88,常住人口,59446.12,1050214.13
2013,济南,11038.00855,699.88,常住人口,55840.0,1050214.13
2013,青岛,14505.38534,896.41,常住人口,55334.0,1050214.13
2013,郑州,9457.755533,919.00,常住人口,45066.0,1050214.13
2013,武汉,11066.92406,1022.00,年末常住人口,53684.0,1050214.13
2013,长沙,7031.530637999999,722.14,年末常住人口,56215.0,1050214.13
2013,广州,24957.48441,1292.68,常住人口,73678.0,1050214.13
2013,深圳,33778.69512,1062.89,常住人口,77721.0,1050214.13
2013,南宁,8276.477402,685.37,常住人口,49806.0,1050214.13
2013,海口,13019.4756,217.11,常住人口,45058.0,1050214.13
2013,成都,11614.25357,1429.76,年末常住人口,84724.0,1050214.13
2013,贵阳,6308.5495200000005,452.19,常住人口,50654.0,1050214.13
2013,昆明,9532.175801000001,657.90,常住人口,51119.0,1050214.13
2013,重庆,8405.17406,2970.00,常住人口,51015.0,1050214.13
2013,西安,8697.168294,858.81,年末常住人口,54388.0,1050214.13
2013,兰州,9152.234848999999,364.16,年末常住人口,49424.0,1050214.13
2013,西宁,6771.419879000001,2002515.00,年末户籍人口,44694.96,1050214.13
2013,西宁,6771.419879000001,2002515.00,年末户籍人口,176560.0,1050214.13
2013,银川,5201.934647,2082695.00,年末总人口,56565.0,1050214.13
2013,乌鲁木齐,7156.700970999999,262.93,年末户籍人口,56680.0,1050214.13
2013,唐山,8224.343111,770.80,常住人口,48270.06,1050214.13
2013,秦皇岛,7599.009569,304.52,常住人口,48308.3,1050214.13
2013,包头,6435.747122,276.62,年末常住人口,53095.35,1050214.13
2013,丹东,5298.398164,239.60,年末总人口,32182.95,1050214.13
2013,吉林,4991.568233,429.11,年末户籍人口,42082.67,1050214.13
2013,牡丹江,4219.721409000001,265.10,年末总人口,38285.51,1050214.13
2013,无锡,11867.0984,648.41,常住人口,60581.57,1050214.13
2013,扬州,9071.900296,447.00,常住人口,52658.51,1050214.13
2013,徐州,6472.63368,859.10,常住人口,47014.91,1050214.13
2013,温州,18532.37095,807.24,年末总人口,54590.0,1050214.13
2013,蚌埠,6288.059088,3666028.00,户籍人口,42434.0,1050214.13
2013,泉州,16009.1423,836.00,常住人口,44896.45,1050214.13
2013,九江,5702.363114,4789449.00,年末总人口,39517.68,1050214.13
2013,赣州,6068.509586,8478051.00,年末总人口,40923.8,1050214.13
2013,烟台,5830.395389,698.93,常住人口,48088.0,1050214.13
2013,济宁,5312.66108,820.58,常住人口,47304.0,1050214.13
2013,洛阳,6783.961834000001,662.00,常住人口,40469.93,1050214.13
2013,襄阳,5608.416496,559.12,年末常住人口,28493.66,1050214.13
2013,宜昌,6124.409783,409.83,年末常住人口,33030.21,1050214.13
2013,常德,5000.05216,580.48,年末常住人口,38198.39,1050214.13
2013,惠州,7742.459770999999,470.00,常住人口,47125.87,1050214.13
2013,湛江,8426.822692,716.71,常住人口,40534.16,1050214.13
2013,韶关,5348.3551210000005,289.27,常住人口,44902.16,1050214.13
2013,桂林,5416.986411999999,488.05,常住人口,41771.12,1050214.13
2013,北海,4526.4877799999995,159.02,常住人口,41088.43,1050214.13
2013,三亚,27165.849210000004,576927.00,户籍人口,47323.0,1050214.13
2013,遵义,4761.9993380000005,614.25,常住人口,50550.51,1050214.13
2012,北京,32838.71293,2069.30,常住人口,85306.02,914693.42
2012,天津,17534.43736,1413.15,常住人口,65398.43,914693.42
2012,石家庄,8469.937864,1038.60,常住人口,38425.99,914693.42
2012,太原,8260.550572,425.63,常住人口,48904.69,914693.42
2012,呼和浩特,6970.142033,294.88,年末常住人口,65637.08,914693.42
2012,沈阳,7578.389159,724.80,年末总人口,49898.08,914693.42
2012,大连,11820.7012,590.30,年末总人口,54821.15,914693.42
2012,长春,6425.450290999999,756.90,年末户籍人口,46672.99,914693.42
2012,哈尔滨,6312.85919,993.50,年末总人口,41772.95,914693.42
2012,上海,32562.490039999997,2380.43,常住人口,80191.0,914693.42
2012,南京,17082.46903,816.10,常住人口,63151.73,914693.42
2012,杭州,26101.23238,700.52,年末总人口,56417.81,914693.42
2012,宁波,16724.38504,577.71,年末总人口,56255.5,914693.42
2012,合肥,11294.05802,757.20,常住人口,50723.74,914693.42
2012,福州,15776.503680000002,727.00,常住人口,48087.61,914693.42
2012,厦门,23661.9507,367.00,常住人口,52672.94,914693.42
2012,南昌,8503.272895999999,5131564.00,年末总人口,43769.02,914693.42
2012,济南,10483.254359999999,694.96,常住人口,52525.37,914693.42
2012,济南,10483.254359999999,694.96,常住人口,48829.04,914693.42
2012,青岛,13913.540990000001,886.85,常住人口,49052.31,914693.42
2012,郑州,8709.360037,903.00,常住人口,40471.52,914693.42
2012,武汉,10320.60309,1012.00,年末常住人口,48941.72,914693.42
2012,长沙,6548.430188,715.00,年末常住人口,50905.25,914693.42
2012,广州,21855.33381,1283.89,常住人口,67514.99,914693.42
2012,深圳,29880.98879,1054.74,常住人口,59009.58,914693.42
2012,南宁,7848.2540260000005,679.08,常住人口,44144.24,914693.42
2012,海口,12939.6547,214.13,常住人口,40485.53,914693.42
2012,成都,10941.87455,1417.78,年末常住人口,48302.27,914693.42
2012,贵阳,6034.593079,445.17,常住人口,42661.98,914693.42
2012,昆明,9108.527396,653.30,常住人口,45093.52,914693.42
2012,重庆,7909.431113,2945.00,常住人口,45392.02,914693.42
2012,西安,8164.5896569999995,855.29,年末常住人口,46688.42,914693.42
2012,兰州,8759.929993000002,363.05,年末常住人口,44488.41,914693.42
2012,西宁,6373.341653,1984602.00,年末户籍人口,41891.62,914693.42
2012,西宁,6373.341653,1984602.00,年末户籍人口,44085.58,914693.42
2012,银川,4918.982438,2046341.00,年末总人口,54274.38,914693.42
2012,乌鲁木齐,6668.11247,257.80,年末户籍人口,51134.9,914693.42
2012,唐山,8146.815087999999,766.85,常住人口,45230.0,914693.42
2012,秦皇岛,7227.683564,302.16,常住人口,45686.79,914693.42
2012,包头,6083.90665,273.16,年末常住人口,51646.06,914693.42
2012,丹东,5069.378879999999,240.50,年末总人口,28626.61,914693.42
2012,吉林,4761.650648,430.79,年末户籍人口,40445.95,914693.42
2012,牡丹江,4090.38736,259.60,年末总人口,34296.39,914693.42
2012,无锡,11476.39974,646.55,常住人口,56884.08,914693.42
2012,扬州,8769.360134999999,446.72,常住人口,47796.88,914693.42
2012,徐州,6118.149039,856.41,常住人口,44067.52,914693.42
2012,温州,19620.5939,800.21,年末总人口,48213.66,914693.42
2012,蚌埠,6123.3405060000005,3678105.00,户籍人口,38447.09,914693.42
2012,泉州,15459.24569,829.00,常住人口,41116.41,914693.42
2012,九江,5486.7355880000005,4773125.00,年末总人口,33894.94,914693.42
2012,赣州,5788.573811,8451853.00,年末总人口,32872.31,914693.42
2012,烟台,5613.216096,698.29,常住人口,41625.67,914693.42
2012,济宁,5057.66269,815.81,常住人口,44526.47,914693.42
2012,洛阳,6506.0818229999995,659.00,常住人口,42397.31,914693.42
2012,襄阳,5320.652056,555.14,年末常住人口,29119.28,914693.42
2012,宜昌,5789.808558,408.83,年末常住人口,28696.73,914693.42
2012,常德,4811.539521,576.00,年末常住人口,34048.86,914693.42
2012,惠州,7451.339518000001,467.40,常住人口,41507.64,914693.42
2012,湛江,7934.092147,710.92,常住人口,33963.22,914693.42
2012,韶关,5118.807789,286.87,常住人口,40128.31,914693.42
2012,桂林,5172.370448,483.94,常住人口,37465.68,914693.42
2012,北海,4337.836956,157.20,常住人口,36328.37,914693.42
2012,三亚,26580.74438,572460.00,户籍人口,39970.67,914693.42
2012,遵义,4557.021554,611.70,常住人口,45302.84,914693.42
2011,北京,33037.655230000004,2018.60,常住人口,75834.61,780405.72
2011,天津,17645.62672,1354.58,常住人口,55636.33,780405.72
2011,石家庄,8426.778209999999,1027.98,常住人口,35131.75,780405.72
2011,太原,8207.922494,423.54,常住人口,44868.25,780405.72
2011,呼和浩特,6964.297311,291.19,年末常住人口,42796.88,780405.72
2011,沈阳,7569.789337,722.70,年末总人口,45756.48,780405.72
2011,大连,11740.8304,588.50,年末总人口,49727.92,780405.72
2011,长春,6431.363247,761.77,年末户籍人口,41471.21,780405.72
2011,哈尔滨,6320.446586999999,993.27,年末总人口,36449.88,780405.72
2011,上海,32933.580239999996,2347.46,常住人口,77031.27,780405.72
2011,南京,17480.505559999998,810.91,常住人口,54711.85,780405.72
2011,杭州,28025.6759,695.71,年末总人口,54408.46,780405.72
2011,宁波,17760.967930000003,576.40,年末总人口,49756.38,780405.72
2011,合肥,11395.56328,752.08,常住人口,45442.22,780405.72
2011,福州,15748.91651,720.00,常住人口,42240.09,780405.72
2011,厦门,23713.60101,361.00,常住人口,46413.94,780405.72
2011,南昌,8574.841127,5088996.00,年末总人口,39816.23,780405.72
2011,济南,10578.75242,688.51,常住人口,47859.48,780405.72
2011,济南,10578.75242,688.51,常住人口,44004.45,780405.72
2011,青岛,14339.600559999999,879.51,常住人口,43161.52,780405.72
2011,郑州,8712.648855,885.70,常住人口,35755.56,780405.72
2011,武汉,10341.960309999999,1002.00,年末常住人口,45643.64,780405.72
2011,长沙,6527.847747,709.07,年末常住人口,44495.2,780405.72
2011,广州,21934.17659,1275.14,常住人口,57473.59,780405.72
2011,深圳,30175.152280000002,1046.74,常住人口,55142.21,780405.72
2011,南宁,7903.199288,673.40,常住人口,40118.93,780405.72
2011,海口,13101.60748,209.73,常住人口,38059.82,780405.72
2011,成都,10996.180859999999,1407.08,年末常住人口,42363.19,780405.72
2011,贵阳,5938.6503219999995,439.00,常住人口,38672.97,780405.72
2011,昆明,9037.903315000001,648.64,常住人口,41645.22,780405.72
2011,重庆,7985.99272,2919.00,常住人口,40041.99,780405.72
2011,西安,8105.687468000001,851.34,年末常住人口,41678.81,780405.72
2011,兰州,8720.112003,362.09,年末常住人口,38968.12,780405.72
2011,西宁,6263.013308,1974175.00,年末户籍人口,39088.27,780405.72
2011,西宁,6263.013308,1974175.00,年末户籍人口,38443.08,780405.72
2011,银川,4846.903422,2025741.00,年末总人口,49938.2,780405.72
2011,乌鲁木齐,6530.6683920000005,249.35,年末户籍人口,47177.78,780405.72
2011,唐山,8149.612723,762.74,常住人口,42029.4,780405.72
2011,秦皇岛,7235.936153000001,300.62,常住人口,37195.05,780405.72
2011,包头,6105.393895,269.29,年末常住人口,47053.62,780405.72
2011,丹东,5086.969722999999,241.10,年末总人口,27051.72,780405.72
2011,吉林,4777.822084,433.31,年末户籍人口,35091.71,780405.72
2011,牡丹江,4097.051056,267.21,年末总人口,31026.89,780405.72
2011,无锡,11598.39199,643.22,常住人口,51516.54,780405.72
2011,扬州,8817.601555,446.30,常住人口,40284.24,780405.72
2011,徐州,6169.574049,857.26,常住人口,39489.99,780405.72
2011,温州,22485.4668,798.36,年末总人口,42344.12,780405.72
2011,蚌埠,6138.936387,3654470.00,户籍人口,33059.0,780405.72
2011,泉州,15503.54456,821.00,常住人口,35901.09,780405.72
2011,九江,5564.1934280000005,4762683.00,年末总人口,29456.0,780405.72
2011,赣州,5835.26356,8427758.00,年末总人口,27850.86,780405.72
2011,烟台,5685.648732,697.57,常住人口,37789.52,780405.72
2011,济宁,5076.8093850000005,812.86,常住人口,39251.5,780405.72
2011,洛阳,6465.987494,656.71,常住人口,33471.82,780405.72
2011,襄阳,5360.2505009999995,552.72,年末常住人口,25768.84,780405.72
2011,宜昌,5780.806506,406.85,年末常住人口,25977.8,780405.72
2011,常德,4826.817198,573.26,年末常住人口,30829.39,780405.72
2011,惠州,7430.719695999999,463.36,常住人口,36023.41,780405.72
2011,湛江,7840.724642,706.92,常住人口,29821.08,780405.72
2011,韶关,5048.6745439999995,285.00,常住人口,35828.86,780405.72
2011,桂林,5156.53471,478.82,常住人口,34081.66,780405.72
2011,北海,4376.211966,155.44,常住人口,31013.34,780405.72
2011,三亚,26716.6161,581441.00,户籍人口,37023.09,780405.72
2011,遵义,4511.673307999999,610.00,常住人口,40542.17,780405.72
2010,北京,31707.180210000002,1961.90,常住人口,65683.0,674960.52
2010,天津,16841.20975,1299.29,常住人口,52963.0,674960.52
2010,石家庄,7758.702354999999,1017.52,常住人口,31458.78,674960.52
2010,太原,8093.593861,420.47,常住人口,38838.91,674960.52
2010,呼和浩特,6612.4732380000005,287.36,年末常住人口,37693.47,674960.52
2010,沈阳,7082.150875,719.60,年末总人口,41899.67,674960.52
2010,大连,11144.22167,586.40,年末总人口,44615.02,674960.52
2010,长春,6164.887815,758.89,年末户籍人口,35721.09,674960.52
2010,哈尔滨,6058.164616,992.02,年末总人口,32411.1,674960.52
2010,上海,32189.90257,2302.66,常住人口,71874.0,674960.52
2010,南京,17182.2711,800.76,常住人口,48781.69,674960.52
2010,杭州,27813.627119999997,689.12,年末总人口,48771.9,674960.52
2010,宁波,17437.0787,574.08,年末总人口,43476.23,674960.52
2010,合肥,11038.24652,570.25,常住人口,39290.84,674960.52
2010,福州,15147.91968,711.54,常住人口,34804.48,674960.52
2010,厦门,22554.326,353.13,常住人口,40282.94,674960.52
2010,南昌,7969.699328,5053270.00,年末总人口,35037.98,674960.52
2010,济南,10149.67494,681.83,常住人口,41025.84,674960.52
2010,济南,10149.67494,681.83,常住人口,37853.89,674960.52
2010,青岛,13740.34441,871.90,常住人口,37803.49,674960.52
2010,郑州,8146.995828,866.08,常住人口,32777.81,674960.52
2010,武汉,9906.910537,978.54,年末常住人口,39302.17,674960.52
2010,长沙,6041.817123,704.07,年末常住人口,38337.7,674960.52
2010,广州,21094.611119999998,1270.96,常住人口,54494.11,674960.52
2010,深圳,29047.05068,1037.20,常住人口,50455.03,674960.52
2010,南宁,7726.122414,666.16,常住人口,37039.89,674960.52
2010,海口,12470.96243,204.62,常住人口,34191.99,674960.52
2010,成都,10611.17792,1404.80,年末常住人口,38603.14,674960.52
2010,贵阳,5675.384351,432.93,常住人口,31128.48,674960.52
2010,昆明,8513.621956,638.32,常住人口,32022.13,674960.52
2010,重庆,7631.034044,2884.62,常住人口,35326.0,674960.52
2010,西安,7751.536475,847.41,年末常住人口,37871.54,674960.52
2010,兰州,8079.798129000001,361.62,年末常住人口,33963.82,674960.52
2010,西宁,5851.943784,1960060.00,年末户籍人口,33465.79,674960.52
2010,西宁,5851.943784,1960060.00,年末户籍人口,32219.66,674960.52
2010,银川,4700.049428,2004456.00,年末总人口,39815.9,674960.52
2010,乌鲁木齐,6016.791067,245.27,年末户籍人口,40648.78,674960.52
2010,唐山,7988.413976000001,758.24,常住人口,37230.96,674960.52
2010,秦皇岛,6681.478098,299.01,常住人口,35829.67,674960.52
2010,包头,5857.6810829999995,265.61,年末常住人口,41398.28,674960.52
2010,丹东,4618.750362,241.40,年末总人口,25866.21,674960.52
2010,吉林,4475.989669,434.03,年末户籍人口,30991.9,674960.52
2010,牡丹江,3829.853573,268.88,年末总人口,27432.12,674960.52
2010,无锡,11320.968009999999,637.56,常住人口,47004.39,674960.52
2010,扬州,8429.784156,446.08,常住人口,35432.99,674960.52
2010,徐州,5958.950382999999,858.21,常住人口,34244.07,674960.52
2010,温州,22537.57325,786.80,年末总人口,37605.46,674960.52
2010,蚌埠,5879.835816,3622273.00,户籍人口,28706.94,674960.52
2010,泉州,15391.35893,812.85,常住人口,28907.87,674960.52
2010,九江,5339.171208,4732450.00,年末总人口,24746.15,674960.52
2010,赣州,5472.815289,8382101.00,年末总人口,23600.56,674960.52
2010,烟台,5424.366902000001,696.82,常住人口,34193.93,674960.52
2010,济宁,4914.978125,809.18,常住人口,35820.8,674960.52
2010,洛阳,6077.493761,655.39,常住人口,29908.09,674960.52
2010,襄阳,5033.03424,550.03,年末常住人口,24442.12,674960.52
2010,宜昌,5519.441632,405.97,年末常住人口,22670.79,674960.52
2010,常德,4564.625539,571.46,年末常住人口,28187.12,674960.52
2010,惠州,7111.899969,460.11,常住人口,29597.64,674960.52
2010,湛江,7453.035526000001,700.38,常住人口,26789.65,674960.52
2010,韶关,4787.101379,283.02,常住人口,31872.45,674960.52
2010,桂林,4863.58201,474.80,常住人口,30827.84,674960.52
2010,北海,4252.203989,153.93,常住人口,28062.44,674960.52
2010,三亚,25640.602769999998,570130.00,户籍人口,33446.73,674960.52
2010,遵义,4268.428447,613.29,常住人口,32923.03,674960.52
2009,北京,27193.64272,1860.00,常住人口,58140.0,559817.56
2009,天津,15338.695580000001,1228.16,常住人口,44992.0,559817.56
2009,石家庄,7103.403554,988.11,常住人口,27369.84,559817.56
2009,太原,7877.336305,350.18,常住人口,33140.33,559817.56
2009,呼和浩特,6169.804878,270.85,年末常住人口,33992.83,559817.56
2009,沈阳,6753.596019,716.50,年末总人口,38576.86,559817.56
2009,大连,10401.336229999999,584.80,年末总人口,38765.37,559817.56
2009,长春,5804.81926,756.51,年末户籍人口,30448.41,559817.56
2009,哈尔滨,5744.5519890000005,991.60,年末总人口,29250.71,559817.56
2009,上海,30349.97782,2210.28,常住人口,63549.0,559817.56
2009,南京,15653.77652,771.31,常住人口,43623.21,559817.56
2009,杭州,25331.411119999997,683.38,年末总人口,43946.59,559817.56
2009,宁波,16305.44407,571.02,年末总人口,39137.62,559817.56
2009,合肥,10171.0662,510.00,常住人口,34143.62,559817.56
2009,福州,14317.830869999998,687.00,常住人口,30704.44,559817.56
2009,厦门,21600.57927,252.00,常住人口,36454.99,559817.56
2009,南昌,7407.905887000001,4648898.00,年末总人口,30449.86,559817.56
2009,济南,9595.019951999999,667.85,常住人口,38538.97,559817.56
2009,济南,9595.019951999999,667.85,常住人口,35661.31,559817.56
2009,青岛,12912.45011,850.03,常住人口,33257.15,559817.56
2009,郑州,7642.830198999999,752.00,常住人口,29836.72,559817.56
2009,武汉,9334.353388,910.00,年末常住人口,30252.0,559817.56
2009,长沙,5552.562112,651.59,年末常住人口,34887.87,559817.56
2009,广州,19963.32746,1186.97,常住人口,49518.11,559817.56
2009,深圳,27356.56337,995.01,常住人口,46715.25,559817.56
2009,南宁,7316.886215,701.30,常住人口,32596.13,559817.56
2009,海口,8238.68987,187.85,常住人口,30639.01,559817.56
2009,成都,10149.732829999999,1286.60,年末常住人口,34195.16,559817.56
2009,贵阳,5351.794546,423.12,常住人口,27579.06,559817.56
2009,昆明,8072.401315000001,628.00,常住人口,29889.22,559817.56
2009,重庆,6995.968443000001,2859.00,常住人口,30965.0,559817.56
2009,西安,6918.992641,843.46,年末常住人口,34032.0,559817.56
2009,兰州,7727.003014,332.18,年末常住人口,28995.58,559817.56
2009,西宁,5449.306153,1939439.00,年末户籍人口,29218.14,559817.56
2009,西宁,5449.306153,1939439.00,年末户籍人口,28124.44,559817.56
2009,银川,4258.1038020000005,1701839.00,年末总人口,36795.22,559817.56
2009,乌鲁木齐,5654.534342,241.19,年末户籍人口,36500.4,559817.56
2009,唐山,7769.4565299999995,746.79,常住人口,33330.85,559817.56
2009,秦皇岛,6261.544683,297.80,常住人口,32228.41,559817.56
2009,包头,5631.290706000001,257.21,年末常住人口,36725.76,559817.56
2009,丹东,4306.753312,242.60,年末总人口,23342.56,559817.56
2009,吉林,4332.020353,434.19,年末户籍人口,29299.24,559817.56
2009,牡丹江,3613.782279,270.60,年末总人口,23639.49,559817.56
2009,无锡,10784.13378,619.57,常住人口,43346.97,559817.56
2009,扬州,8009.712089,449.55,常住人口,30607.89,559817.56
2009,徐州,5578.766174,868.19,常住人口,31175.86,559817.56
2009,温州,19903.48791,779.11,年末总人口,33891.88,559817.56
2009,蚌埠,5321.547129,3606431.00,户籍人口,25512.23,559817.56
2009,泉州,14898.27089,786.00,常住人口,25272.65,559817.56
2009,九江,5024.829699,4789502.00,年末总人口,21053.3,559817.56
2009,赣州,5027.071459000001,8428813.00,年末总人口,20561.98,559817.56
2009,烟台,5194.538882,703.40,常住人口,31200.15,559817.56
2009,济宁,4698.447722,803.18,常住人口,30995.96,559817.56
2009,洛阳,5920.0159189999995,642.23,常住人口,26151.79,559817.56
2009,襄阳,4782.0509409999995,544.61,年末常住人口,20290.44,559817.56
2009,宜昌,4998.426307,404.55,年末常住人口,19332.0,559817.56
2009,常德,4268.974511,616.72,年末常住人口,25052.34,559817.56
2009,惠州,6863.496506,435.08,常住人口,25786.99,559817.56
2009,湛江,6666.314134,693.44,常住人口,23943.29,559817.56
2009,韶关,4716.748829,285.04,常住人口,28273.12,559817.56
2009,桂林,4708.027309,491.47,常住人口,27843.9,559817.56
2009,北海,3847.20071,158.97,常住人口,24761.28,559817.56
2009,三亚,17119.44655,557054.00,户籍人口,28410.42,559817.56
2009,遵义,4076.6425950000003,627.37,常住人口,30260.82,559817.56
2008,北京,26795.437680000003,1771.00,常住人口,56328.0,442138.92
2008,天津,14940.06251,1176.00,常住人口,41748.0,442138.92
2008,石家庄,7057.469133,984.60,常住人口,22745.82,442138.92
2008,太原,7725.913401000001,347.14,常住人口,29588.57,442138.92
2008,呼和浩特,6181.75651,267.21,年末常住人口,30871.77,442138.92
2008,沈阳,6676.911520000001,713.50,年末总人口,33545.76,442138.92
2008,大连,10026.16294,583.40,年末总人口,34304.37,442138.92
2008,长春,5742.016899,752.53,年末户籍人口,26968.1,442138.92
2008,哈尔滨,5703.8510240000005,990.10,年末总人口,25525.67,442138.92
2008,上海,30161.588630000002,2140.65,常住人口,56565.0,442138.92
2008,南京,16090.90089,758.89,常住人口,39877.53,442138.92
2008,杭州,24414.77321,677.64,年末总人口,40193.08,442138.92
2008,宁波,15624.68963,568.09,年末总人口,35834.54,442138.92
2008,合肥,10158.002390000001,501.00,常住人口,30401.18,442138.92
2008,福州,14527.88892,683.00,常住人口,27521.06,442138.92
2008,厦门,22515.38295,249.00,常住人口,32343.5,442138.92
2008,南昌,7302.544881,4615236.00,年末总人口,26960.51,442138.92
2008,济南,9431.550935,662.69,常住人口,33680.38,442138.92
2008,济南,9431.550935,662.69,常住人口,31599.81,442138.92
2008,青岛,12794.67901,845.61,常住人口,30234.51,442138.92
2008,郑州,7532.462525,743.60,常住人口,26477.63,442138.92
2008,武汉,9453.632078,897.00,年末常住人口,28431.31,442138.92
2008,长沙,5556.416378,645.14,年末常住人口,31833.93,442138.92
2008,广州,20734.80271,1115.34,常住人口,45701.99,442138.92
2008,深圳,29790.230710000003,954.28,常住人口,43731.49,442138.92
2008,南宁,7349.078141,695.64,常住人口,29375.96,442138.92
2008,海口,7955.885236,183.50,常住人口,27327.62,442138.92
2008,成都,10233.53978,1270.62,年末常住人口,30809.93,442138.92
2008,贵阳,5186.815883,413.44,常住人口,26386.11,442138.92
2008,昆明,8174.965146,609.83,常住人口,22432.15,442138.92
2008,重庆,7015.7021939999995,2839.00,常住人口,26985.0,442138.92
2008,西安,6857.274814,837.52,年末常住人口,29749.43,442138.92
2008,兰州,7606.162340999999,331.01,年末常住人口,26119.9,442138.92
2008,西宁,5200.697449,1923843.00,年末户籍人口,27339.93,442138.92
2008,西宁,5200.697449,1923843.00,年末户籍人口,26461.67,442138.92
2008,银川,3939.662361,1654282.00,年末总人口,33248.58,442138.92
2008,乌鲁木齐,5522.399294,236.05,年末户籍人口,33340.59,442138.92
2008,唐山,7695.851965999999,743.25,常住人口,29422.98,442138.92
2008,秦皇岛,6208.394317,295.74,常住人口,29140.71,442138.92
2008,包头,5596.199243,253.22,年末常住人口,31775.72,442138.92
2008,丹东,4225.528855,242.70,年末总人口,21528.77,442138.92
2008,吉林,4418.752056,433.58,年末户籍人口,27118.47,442138.92
2008,牡丹江,3489.794343,269.90,年末总人口,19498.01,442138.92
2008,无锡,10785.47075,610.73,常住人口,38846.0,442138.92
2008,扬州,7862.297851,447.12,常住人口,27321.15,442138.92
2008,徐州,5689.593361,869.21,常住人口,26822.62,442138.92
2008,温州,18577.48948,771.99,年末总人口,29595.07,442138.92
2008,蚌埠,5284.364447,3583101.00,户籍人口,22347.91,442138.92
2008,泉州,14859.85227,779.00,常住人口,22225.19,442138.92
2008,九江,4964.511681,4755583.00,年末总人口,17795.58,442138.92
2008,赣州,4964.910525,8366609.00,年末总人口,18421.91,442138.92
2008,烟台,5036.971218,701.91,常住人口,28717.26,442138.92
2008,济宁,4457.562939,796.70,常住人口,27983.44,442138.92
2008,洛阳,5809.456867,642.03,常住人口,22881.52,442138.92
2008,襄阳,4735.438066,543.70,年末常住人口,17907.72,442138.92
2008,宜昌,4927.165053,403.90,年末常住人口,19744.21,442138.92
2008,常德,4288.780897,611.51,年末常住人口,23042.72,442138.92
2008,惠州,6914.234272,418.65,常住人口,22728.81,442138.92
2008,湛江,6422.092438000001,691.12,常住人口,21809.56,442138.92
2008,韶关,4687.237636,286.70,常住人口,25966.51,442138.92
2008,桂林,4896.792577,488.00,常住人口,24845.03,442138.92
2008,北海,3709.6635509999996,157.31,常住人口,21658.18,442138.92
2008,三亚,16972.99384,545817.00,户籍人口,26141.0,442138.92
2008,遵义,4009.405992,641.63,常住人口,25941.73,442138.92
2007,北京,24306.81248,1676.00,常住人口,46507.0,379224.3
2007,天津,14001.5387,1115.00,常住人口,34938.0,379224.3
2007,石家庄,6388.0470270000005,978.08,常住人口,19991.83,379224.3
2007,太原,7359.515648999999,345.71,常住人口,24687.99,379224.3
2007,呼和浩特,6123.1150609999995,263.52,年末常住人口,26734.88,379224.3
2007,沈阳,6362.933383,709.80,年末总人口,27372.49,379224.3
2007,大连,9483.416001000001,578.20,年末总人口,28270.5,379224.3
2007,长春,5337.9936880000005,745.96,年末户籍人口,24189.04,379224.3
2007,哈尔滨,5368.943072,987.37,年末总人口,22104.03,379224.3
2007,上海,28354.526339999997,2063.58,常住人口,49310.0,379224.3
2007,南京,15437.26686,741.30,常住人口,35907.2,379224.3
2007,杭州,21340.94762,672.35,年末总人口,36496.85,379224.3
2007,宁波,13703.451169999998,564.56,年末总人口,32924.48,379224.3
2007,合肥,9199.577783,491.00,常住人口,25873.7,379224.3
2007,福州,13810.0224,676.00,常住人口,23950.48,379224.3
2007,厦门,21682.57121,242.98,常住人口,28959.18,379224.3
2007,南昌,6918.229848000001,4580635.00,年末总人口,23886.55,379224.3
2007,济南,8675.772619,657.15,常住人口,29165.01,379224.3
2007,济南,8675.772619,657.15,常住人口,26653.92,379224.3
2007,青岛,12048.95219,838.67,常住人口,27084.24,379224.3
2007,郑州,7213.516438,735.60,常住人口,22156.23,379224.3
2007,武汉,8879.878615000001,891.00,年末常住人口,25135.54,379224.3
2007,长沙,5005.241114,637.36,年末常住人口,27966.74,379224.3
2007,广州,20856.24486,1053.01,常住人口,40561.01,379224.3
2007,深圳,30015.359230000002,912.37,常住人口,38797.36,379224.3
2007,南宁,6517.631622,681.91,常住人口,24790.83,379224.3
2007,海口,6887.233043000001,179.45,常住人口,25722.53,379224.3
2007,成都,9820.674114,1207.30,年末常住人口,26606.68,379224.3
2007,贵阳,4863.287963000001,405.26,常住人口,22578.72,379224.3
2007,昆明,7858.230740000001,591.67,常住人口,22432.15,379224.3
2007,重庆,6457.462426,2816.00,常住人口,23098.0,379224.3
2007,西安,6276.054294,830.54,年末常住人口,25013.8,379224.3
2007,兰州,6839.244437,329.43,年末常住人口,21018.89,379224.3
2007,西宁,4772.057425999999,1900321.00,年末户籍人口,24079.44,379224.3
2007,西宁,4772.057425999999,1900321.00,年末户籍人口,23333.32,379224.3
2007,银川,3609.670364,1616594.00,年末总人口,28604.22,379224.3
2007,乌鲁木齐,4681.681867,231.30,年末户籍人口,29110.18,379224.3
2007,唐山,7238.494659,738.91,常住人口,23178.4,379224.3
2007,秦皇岛,5952.430228,293.00,常住人口,22832.27,379224.3
2007,包头,5364.8281560000005,249.61,年末常住人口,26870.09,379224.3
2007,丹东,4030.2793890000003,242.90,年末总人口,18671.82,379224.3
2007,吉林,4024.5711929999998,432.66,年末户籍人口,23040.18,379224.3
2007,牡丹江,3170.480709,269.83,年末总人口,16902.6,379224.3
2007,无锡,10147.91674,599.21,常住人口,34375.66,379224.3
2007,扬州,7444.809215,445.97,常住人口,24284.03,379224.3
2007,徐州,5420.8905079999995,871.12,常住人口,23710.89,379224.3
2007,温州,16964.08115,764.57,年末总人口,25994.64,379224.3
2007,蚌埠,4783.981387,3552702.00,户籍人口,19761.83,379224.3
2007,泉州,14096.49081,774.00,常住人口,19913.29,379224.3
2007,九江,4689.4848409999995,4721728.00,年末总人口,15872.51,379224.3
2007,赣州,4667.363037,8301348.00,年末总人口,16228.64,379224.3
2007,烟台,4658.7413670000005,699.45,常住人口,25099.49,379224.3
2007,济宁,4159.191085,791.66,常住人口,23752.3,379224.3
2007,洛阳,5445.552157,634.15,常住人口,19517.18,379224.3
2007,襄阳,4427.700766,542.50,年末常住人口,15381.52,379224.3
2007,宜昌,4501.190027000001,403.00,年末常住人口,18186.77,379224.3
2007,常德,3945.9311420000004,609.57,年末常住人口,19656.69,379224.3
2007,惠州,6427.742822,402.86,常住人口,19644.14,379224.3
2007,湛江,5876.595917000001,688.48,常住人口,19885.47,379224.3
2007,韶关,4401.179171,288.49,常住人口,23046.72,379224.3
2007,桂林,4681.647764,488.39,常住人口,21240.7,379224.3
2007,北海,3485.7760780000003,159.46,常住人口,18324.77,379224.3
2007,三亚,15419.717319999998,535215.00,户籍人口,21795.82,379224.3
2007,遵义,3849.8106119999998,653.98,常住人口,21771.02,379224.3
2006,北京,22253.56141,1601.00,常住人口,40117.0,322611.51
2006,天津,12855.19784,1075.00,常住人口,28682.0,322611.51
2006,石家庄,5666.6693270000005,970.00,常住人口,16911.09,322611.51
2006,太原,7179.901790000001,344.26,常住人口,21422.46,322611.51
2006,呼和浩特,6129.254474,260.63,年末常住人口,22947.53,322611.51
2006,沈阳,5827.572539,703.60,年末总人口,23391.41,322611.51
2006,大连,8580.847373,572.10,年末总人口,24227.17,322611.51
2006,长春,4910.997781,739.26,年末户籍人口,19954.25,322611.51
2006,哈尔滨,4933.896001,980.35,年末总人口,18779.71,322611.51
2006,上海,27627.052969999997,1964.11,常住人口,41188.0,322611.51
2006,南京,14332.0175,719.06,常住人口,32459.49,322611.51
2006,杭州,19644.46344,666.31,年末总人口,32791.95,322611.51
2006,宁波,12245.4766,560.45,年末总人口,28949.07,322611.51
2006,合肥,9099.872064,468.00,常住人口,21906.84,322611.51
2006,福州,11891.77309,671.00,常住人口,20665.14,322611.51
2006,厦门,19511.341640000002,233.00,常住人口,25543.42,322611.51
2006,南昌,6125.536179,4545414.00,年末总人口,20285.67,322611.51
2006,济南,8419.720467000001,648.37,常住人口,24364.42,322611.51
2006,济南,8419.720467000001,648.37,常住人口,22305.51,322611.51
2006,青岛,11601.88533,829.42,常住人口,23458.0,322611.51
2006,郑州,6753.353079,724.23,常住人口,18862.08,322611.51
2006,武汉,8213.875187,875.00,年末常住人口,20632.82,322611.51
2006,长沙,4487.724787,628.80,年末常住人口,24616.58,322611.51
2006,广州,18892.93204,996.66,常住人口,36769.58,322611.51
2006,深圳,27078.12535,871.10,常住人口,35107.89,322611.51
2006,南宁,5612.072475999999,668.18,常住人口,20651.91,322611.51
2006,海口,6458.775903,171.74,常住人口,21385.05,322611.51
2006,成都,9095.720614,1143.98,年末常住人口,22563.41,322611.51
2006,贵阳,4347.391156000001,396.66,常住人口,18522.17,322611.51
2006,昆明,7377.201197,573.50,常住人口,20811.5,322611.51
2006,重庆,6039.550011,2808.00,常住人口,19215.0,322611.51
2006,西安,5788.27668,822.52,年末常住人口,20475.73,322611.51
2006,兰州,6104.632925,321.82,年末常住人口,19103.06,322611.51
2006,西宁,4340.218457999999,1867779.00,年末户籍人口,21699.93,322611.51
2006,西宁,4340.218457999999,1867779.00,年末户籍人口,21028.73,322611.51
2006,银川,3479.925726,1449661.00,年末总人口,23226.52,322611.51
2006,乌鲁木齐,3964.3830380000004,201.84,年末户籍人口,23676.84,322611.51
2006,唐山,6718.678025,733.00,常住人口,19539.04,322611.51
2006,秦皇岛,5587.661968,290.00,常住人口,19648.52,322611.51
2006,包头,5055.07906,245.76,年末常住人口,22814.1,322611.51
2006,丹东,4003.4228789999997,242.50,年末总人口,16257.57,322611.51
2006,吉林,3808.4499549999996,430.44,年末户籍人口,17209.08,322611.51
2006,牡丹江,2909.6794019999998,268.17,年末总人口,13363.37,322611.51
2006,无锡,9561.458227,584.17,常住人口,29658.58,322611.51
2006,扬州,7137.887677,445.91,常住人口,20844.52,322611.51
2006,徐州,4877.514228,876.48,常住人口,21896.83,322611.51
2006,温州,15551.98525,756.48,年末总人口,23022.69,322611.51
2006,蚌埠,4390.378917,3524716.00,户籍人口,15982.78,322611.51
2006,泉州,12607.9062,769.00,常住人口,17588.24,322611.51
2006,九江,4429.49041,4691492.00,年末总人口,13591.54,322611.51
2006,赣州,4388.885692,8240465.00,年末总人口,13122.2,322611.51
2006,烟台,3985.1866270000005,696.17,常住人口,22166.51,322611.51
2006,济宁,3495.2851090000004,787.09,常住人口,18988.67,322611.51
2006,洛阳,5135.9912939999995,636.02,常住人口,16374.2,322611.51
2006,襄阳,3929.796032,543.60,年末常住人口,11279.73,322611.51
2006,宜昌,4159.602266,403.60,年末常住人口,12731.96,322611.51
2006,常德,3623.0215689999995,608.50,年末常住人口,15980.89,322611.51
2006,惠州,4988.084163,387.51,常住人口,17463.95,322611.51
2006,湛江,5281.727557,685.64,常住人口,16947.2,322611.51
2006,韶关,4179.5839240000005,290.94,常住人口,20033.73,322611.51
2006,桂林,4567.821755,488.06,常住人口,17613.4,322611.51
2006,北海,2627.180008,157.62,常住人口,15095.79,322611.51
2006,三亚,13966.24014,524170.00,户籍人口,18490.47,322611.51
2006,遵义,3696.721614,667.85,常住人口,17940.27,322611.51
